LR_Prob,RF_Prob,XGB_Prob
0.551190625154434,0.33,0.116953425
0.5842446941077926,0.25,0.19332005
0.03588231364263379,0.0,0.010815561
0.8799298168370412,0.9,0.8660283
0.8896172473927201,0.84,0.97365505
0.6845721642301039,0.73,0.70613545
0.1192439357042543,0.01,0.0024647475
0.0640717243918452,0.01,0.007265756
0.07109457978086467,0.0,0.0046318807
0.7500913628096166,0.4,0.67926747
0.01603411825449498,0.02,0.0767721
0.005398255083568373,0.0,5.2952786e-05
0.03728854612676074,0.0,0.0030774698
0.5284051630187784,0.44,0.69585425
0.5860527097681717,0.23,0.36388868
0.7524706233731284,0.59,0.7732889
0.6488392479825461,0.36,0.2939116
0.6808093238444192,0.59,0.70585763
0.5774859518892393,0.31,0.42873612
0.42945824304323643,0.21,0.25828412
0.76872538721572,0.39,0.24180098
0.16975594013672604,0.07,0.0132427085
0.025518101047653327,0.0,0.0036971713
0.018604845425459923,0.0,0.010191627
0.20153008022127936,0.17,0.14971153
0.8762764088201216,0.78,0.7306855
0.8493066323303873,0.61,0.7014226
0.5505396731084425,0.31,0.18863273
0.8557956168016111,0.6,0.5026538
0.04426257755880182,0.09,0.009048591
0.8772686056557318,0.46,0.78942806
0.3866510283933765,0.02,0.13227661
0.6017483879585083,0.23,0.14063568
0.7356940781138673,0.4,0.65973425
0.5011676899893281,0.33,0.16874929
0.04248135298462918,0.03,0.001133784
0.2252589703353933,0.0,0.012801693
0.4798115402527594,0.41,0.35957983
0.3547191814357832,0.11,0.09882307
0.8441562548336946,0.57,0.7783053
0.7517205051423292,0.4,0.39455196
0.5195427413345226,0.14,0.24054483
0.01718877864172685,0.02,0.007678628
0.09168479767687769,0.0,0.0144131705
0.7679619182273605,0.45,0.59232676
0.4045148865402781,0.08,0.020737477
0.0825399648358088,0.02,0.0058640316
0.24050817341566516,0.14,0.026468372
0.8332205867454634,0.47,0.5654519
0.2625893925632506,0.11,0.18478613
0.3817031597765897,0.21,0.14223997
0.17055873973605815,0.11,0.09222761
0.7319514187708354,0.35,0.18964179
0.04389481639516378,0.0,0.0020534564
0.08018880876814574,0.04,0.0020940169
0.4929274844959217,0.29,0.26065627
0.15758707541519093,0.05,0.17190799
0.7081393599962179,0.45,0.32878968
0.5406838452709938,0.18,0.11118086
0.7826157536523443,0.59,0.6243671
0.5175272584425262,0.13,0.15384726
0.08417050362988254,0.03,0.005645235
0.7988576295325299,0.65,0.8092122
0.09001713386198158,0.03,0.03379163
0.21947668084473046,0.06,0.03046535
0.8635743730487547,0.56,0.7874152
0.45879695944618576,0.37,0.3631082
0.10003381943649399,0.0,0.00053772086
0.08619020690699185,0.0,0.00045834391
0.4265396721050736,0.21,0.18493243
0.7590718513949841,0.69,0.7536665
0.8055623997070724,0.78,0.7900493
0.2784935230634198,0.15,0.0075514386
0.8692495086994279,0.98,0.9272947
0.10239315389306972,0.02,0.009675497
0.6290536686244418,0.34,0.085055955
0.2915912124726547,0.17,0.2519022
0.8836940242005192,0.83,0.86173725
0.018416528333915556,0.23,0.00066814816
0.5527867924147402,0.26,0.2375725
0.8085106466020402,0.82,0.9062896
0.7963202176064167,0.71,0.9409368
0.019322483603304384,0.05,0.0058264937
0.8211095963141897,0.5,0.52043885
0.37844548060577465,0.1,0.009397294
0.6452944461302317,0.22,0.18156941
0.48774403281745876,0.1,0.055336546
0.845295009656978,0.6,0.7576058
0.5662139504452526,0.3,0.2850032
0.005367195078585742,0.0,0.00095094374
0.7968587421588131,0.43,0.4029536
0.8041686779273025,0.35,0.74238425
0.4540402814601354,0.28,0.17613225
0.03644033333465718,0.06,0.006436373
0.5057633930999706,0.11,0.14701657
0.026993765576638885,0.03,0.0032245128
0.5456035620350891,0.19,0.27454558
0.7107298126263933,0.63,0.34533316
0.3099420962724781,0.29,0.42257085
0.03338510566093434,0.0,0.018495208
0.05793407516148429,0.05,0.0021219067
0.04810433012017552,0.0,0.00093457825
0.4230671469351936,0.16,0.04741479
0.8604725829087867,0.61,0.7098639
0.05727341362606251,0.01,0.0042968327
0.019385296431306657,0.03,0.008225799
0.010701290116760367,0.1,0.03816707
0.8341145918062667,0.53,0.39896625
0.7363600987447413,0.27,0.20592494
0.06056394052887127,0.04,0.0024318092
0.22256696646696678,0.04,0.021211326
0.37389217448776824,0.13,0.00940022
0.024636571241244017,0.03,0.0027781175
0.4671725400466865,0.31,0.25026262
0.05521301782511206,0.03,0.020629745
0.8167975343618705,0.37,0.07545038
0.8580009347490595,0.92,0.77353656
0.026501070764284127,0.04,0.0054903287
0.028716115632462444,0.02,0.0060011917
0.8268051241008051,0.7,0.7327899
0.04432939468877556,0.0,0.0008683333
0.24067760945854802,0.07,0.07414131
0.027041467386015417,0.0,0.0021347306
0.1079259733762875,0.05,0.050107233
0.8244307365066414,0.9,0.8772098
0.8480569014639084,0.42,0.9172435
0.2652124240036432,0.05,0.0018995255
0.5689338344941508,0.5,0.6006341
0.03824160693947144,0.1,0.037349623
0.6808317728423067,0.8,0.7493258
0.21100807559807855,0.12,0.014173492
0.0511326224355006,0.06,0.009206486
0.07461518804741256,0.25,0.0064008334
0.21336936006463986,0.06,0.010950288
0.7617804985973591,0.42,0.72025925
0.03170897294826178,0.01,0.0069797635
0.41932224205655705,0.16,0.23776492
0.07616001877281298,0.0,0.0006369611
0.05058149621129052,0.01,0.0014136208
0.1166412141849226,0.03,0.0035647883
0.052476406615170945,0.06,0.021128751
0.0038589157512850547,0.01,0.0015463643
0.5151325207892948,0.48,0.6475021
0.9138954630461495,0.93,0.8796392
0.03134553891556026,0.02,0.0312858
0.17480980408775204,0.05,0.032820165
0.021523276143489593,0.0,0.0014561414
0.3795051032241739,0.2,0.059997138
0.2174492070174535,0.01,0.01116032
0.033033461987625204,0.02,0.014022766
0.4837335940991264,0.17,0.18557699
0.7260236585534127,0.55,0.65390605
0.2742082658917941,0.15,0.023542259
0.641993181991719,0.2,0.51994103
0.038795252142411536,0.0,0.00011651878
0.28556054600894615,0.12,0.053560495
0.5667694165517211,0.19,0.13866846
0.8790226627647216,0.65,0.39952126
0.07774466710286355,0.02,0.005544627
0.022562602496872537,0.03,0.0044867294
0.8069664725915427,0.51,0.442383
0.08540217457243322,0.04,0.0020233141
0.048653563486576845,0.0,0.0005994199
0.4030999133541182,0.3,0.032263614
0.19265377654610044,0.13,0.025804125
0.5895500862551853,0.29,0.37147295
0.3971459012488648,0.1,0.06627352
0.6254550341542037,0.35,0.46899644
0.07045621583907986,0.04,0.017967565
0.676259892179862,0.25,0.15811709
0.6481021024829712,0.24,0.22580118
0.5311215421915564,0.37,0.45401272
0.408925791100771,0.45,0.5661499
0.44542585282669617,0.12,0.09961483
0.03580083113266886,0.01,0.0021308642
0.486017193610546,0.28,0.28256196
0.342739576262688,0.1,0.06343223
0.0193948900345408,0.09,0.10570098
0.7839326465142107,0.42,0.2780496
0.8556327398690158,0.84,0.92324066
0.6927805578567422,0.61,0.76817673
0.5013088464553335,0.17,0.07717231
0.6500739363351351,0.65,0.50813955
0.21640581936450942,0.0,0.06821385
0.18234149978163114,0.07,0.014827678
0.3380954970445992,0.13,0.04753969
0.7549333530437117,0.72,0.8464097
0.36691105011177283,0.21,0.0494667
0.8965723242767218,0.79,0.890546
0.03643061726696229,0.0,0.00047148662
0.006267173380112457,0.0,0.00016997075
0.7462470988485232,0.64,0.7616745
0.800649969296143,0.53,0.6036328
0.2879142758807829,0.09,0.03339875
0.6830567861636927,0.32,0.4339387
0.8379586094786267,0.44,0.20783195
0.5319158234088425,0.33,0.23997024
0.3981090894836637,0.6227018087638003,0.47820583
0.005505069428989342,0.0,9.802086e-05
0.11453567830456074,0.02,0.019082742
0.06590469152206972,0.01,0.019403283
0.06827348176497806,0.0,0.005128016
0.27850988781769886,0.05,0.03109599
0.035359443041709765,0.01,0.0018198044
0.7271951073815129,0.33,0.11206602
0.8407351327009923,0.56,0.73229265
0.7072379464528904,0.23,0.15511493
0.09724886961967895,0.01,0.003775559
0.7502439801329653,0.63,0.44345117
0.24067600841748693,0.12,0.17790398
0.012375633476220622,0.04,0.02280271
0.43682169363944073,0.17,0.025381856
0.09473517283033348,0.01,0.0008643561
0.014542653345519518,0.03,0.003124859
0.33835040420391566,0.08,0.07621578
0.2764717816117332,0.25,0.19228967
0.1656161131477963,0.06,0.06503142
0.5075604645743603,0.3,0.47783983
0.6976979231170293,0.48,0.6955276
0.017107288420760543,0.01,0.002754477
0.05279666007348883,0.02,0.0022659795
0.1992805350218825,0.09,0.027995963
0.7831322221216717,0.7,0.8053653
0.046380732379796355,0.07,0.0028412354
0.7067426477630434,0.23,0.19385682
0.46225139557854583,0.3,0.09595239
0.01206521581435269,0.17,0.08408878
0.6165023291387028,0.19,0.2583407
0.854715139408604,0.61,0.687915
0.26183732976528373,0.02,0.010015934
0.45548377742211715,0.12,0.05885718
0.08776388160506514,0.01,0.004295285
0.2752327750082601,0.12,0.034749176
0.256388689735183,0.16,0.13147144
0.37350477369657975,0.2,0.13916579
0.40437905481980474,0.06,0.02553474
0.0695646362160306,0.06,0.0052293427
0.7149228594913243,0.19,0.21051286
0.38887608849718824,0.22,0.041034225
0.40347693400459494,0.05,0.055038586
0.4665279919634348,0.25,0.047820836
0.24703697268422276,0.15,0.10737185
0.6883161477012893,0.41,0.7241945
0.3131370251750969,0.03,0.0074180085
0.6558808274897147,0.48,0.44432548
0.6894894530018398,0.07,0.51048595
0.7386846802406437,0.75,0.61360043
0.2357290405230544,0.16,0.024045914
0.7440785573219507,0.34,0.43304455
0.7582989384406257,0.28,0.15040328
0.15083478856225382,0.04,0.005756632
0.7157050204154548,0.54,0.60368884
0.8393655533529448,0.62,0.7402085
0.611634320314916,0.32,0.47307694
0.09612156311239098,0.04,0.056804802
0.7081636588194676,0.14,0.22521569
0.14134087892848465,0.02,0.026926119
0.037499600820885534,0.0,0.00024808836
0.6990643614309799,0.49,0.41834885
0.3736324513289459,0.17,0.13061832
0.06325194708072521,0.01,0.0008840136
0.052835006771924146,0.0,0.002078289
0.29810280117966426,0.14,0.035239324
0.7208209255771991,0.51,0.57931215
0.2944474900236723,0.06,0.04276807
0.9145617133309452,0.97,0.9318929
0.3450431963652211,0.12,0.056405082
0.026281126679737296,0.0,0.0022920324
0.06664526702754338,0.0,0.01694786
0.7306005434967117,0.51,0.49239582
0.6303323609191308,0.39,0.5457382
0.5372153796052354,0.32,0.17380753
0.07792268994528008,0.06,0.034929864
0.010314205516459922,0.0,0.006925301
0.3492678849704992,0.1,0.33541465
0.39826589085344105,0.24,0.050834738
0.1006490722539866,0.05,0.0121203875
0.04214043076808928,0.09,0.034625947
0.07583098616701382,0.03,0.0025871892
0.46749612939692464,0.26,0.21691325
0.07752740674909288,0.02,0.0018083078
0.8743131272862177,0.79,0.8332101
0.8808271766267488,0.55,0.7311143
0.8141731192859468,0.58,0.6659779
0.1264226867857688,0.0,0.0009935233
0.7342877972025235,0.47,0.43281263
0.8322216380903904,0.94,0.8716445
0.3976256663645087,0.537237215289609,0.5550331
0.6207817753247556,0.2,0.5728417
0.19921413284385647,0.11,0.027926978
0.3702447507639406,0.12,0.22058366
0.6033346258661924,0.44,0.35393462
0.16032621755821974,0.03,0.025013814
0.7255054090662574,0.56,0.7735972
0.07683316264435718,0.01,0.0043116244
0.03945720475230677,0.0,0.0023210968
0.3152446768608994,0.25,0.23324557
0.6759653357206226,0.26,0.4377488
0.2285866791447796,0.01,0.0138838515
0.8740145704799313,0.93,0.7978096
0.5464283636973899,0.49,0.33007047
0.9330077356200631,0.95,0.93084556
0.7623552153653563,0.42,0.44491032
0.3924827696777477,0.05,0.3147434
0.046069485251954624,0.01,0.011036108
0.007843888288464993,0.02,0.00074270356
0.04257767197230346,0.0,0.006939016
0.17653525379667445,0.01,0.00565975
0.6300477463091064,0.39,0.34783298
0.01852459912064093,0.03,0.0025510653
0.35290091020172637,0.18,0.4317909
0.8449574382536306,0.82,0.82099015
0.7258752501552737,0.53,0.26544395
0.24585501828315529,0.04,0.018004233
0.9032162599391415,0.4,0.7302473
0.8826710737463322,0.62,0.4871836
0.22858556854877488,0.13,0.14444079
0.8705457648576002,0.6,0.46640825
0.0335286456569244,0.01,0.0059086736
0.0955356442951635,0.12,0.057043932
0.6070557980452082,0.13,0.021572867
0.4675889791647272,0.14,0.0845969
0.7712167534656564,0.63,0.7225214
0.0552756709074747,0.01,0.0018162549
0.8150516088907955,0.76,0.9020185
0.10397642838546987,0.04734254368143031,0.00832007
0.7476088607994282,0.72,0.784716
0.7027945308513066,0.22,0.1835085
0.8557206978383747,0.71,0.7428762
0.26485314740150384,0.06,0.026288541
0.22510772224990452,0.06,0.00236801
0.04270846678446967,0.01,0.0029060082
0.7051875887631284,0.35,0.13817427
0.005362731637375207,0.0,0.00018903686
0.6435171922036496,0.28,0.13672021
0.2654060800966454,0.2,0.04931485
0.35986296923733146,0.23,0.020892676
0.7139750722615067,0.32,0.46705714
0.25159520407993935,0.11,0.057713397
0.05152246820144699,0.0,0.0008256583
0.2304138995308919,0.05,0.010142071
0.5732073715418184,0.22,0.38711584
0.12600584630368375,0.05,0.002244796
0.46964054048477866,0.14,0.05334388
0.011660357193697079,0.0,0.0004181291
0.12396818088917629,0.07,0.019764839
0.31882771235363183,0.14,0.2987958
0.4067712119196862,0.24,0.023553552
0.35499609887739314,0.12,0.05538718
0.5025717366454262,0.22,0.059576936
0.7311606419056066,0.45,0.54759675
0.8139575451749848,0.79,0.8792385
0.757509641394618,0.71,0.8854278
0.2945253051747095,0.09,0.018409057
0.6149558741109605,0.26,0.49748832
0.38558760860122654,0.37,0.14366995
0.006477767331763908,0.02,0.0043301987
0.025190546973825344,0.02,0.013602219
0.6496903558194669,0.3,0.64962816
0.8891505904897389,0.39,0.7975071
0.6852234836748661,0.33,0.48568228
0.7728612182975425,0.46,0.40513423
0.11837316771552314,0.04,0.09891366
0.2855296340791014,0.42,0.7887509
0.05750293236240268,0.11,0.052741673
0.9077264380310545,0.89,0.96066713
0.6338518940797715,0.24,0.29234374
0.0041427943733679225,0.0,0.00025046838
0.14588895821723488,0.08,0.034128077
0.1440029725620763,0.07,0.034375314
0.6570866726265073,0.23,0.32619387
0.6165432479253375,0.54,0.5416326
0.5101675733285504,0.21,0.27856344
0.16221158844495842,0.18,0.013298004
0.36483132382367134,0.15,0.031876788
0.8086916645587928,0.38,0.63051873
0.8155780726604683,0.42,0.7647348
0.5754535619288239,0.13,0.18228407
0.01747453205980354,0.0,0.0017296885
0.39898964880351967,0.2273425436814303,0.6192968
0.8224626431354253,0.7,0.9565025
0.7101086599650319,0.71,0.8560683
0.469338477381953,0.5894490141975421,0.7624121
0.15875762588269807,0.02,0.0068082213
0.5561869995745814,0.23,0.17428806
0.709924638275719,0.62,0.87215513
0.06153523464754052,0.0,0.0030534053
0.8415607272467653,0.76,0.64687556
0.47752385240883516,0.55,0.60405535
0.8751373048444179,0.9,0.90833735
0.47575082469691654,0.46,0.3782282
0.5997732642349234,0.5,0.5826119
0.42292315371820605,0.29,0.12636769
0.7823674805531504,0.27,0.25355178
0.40504297094902103,0.17,0.06303351
0.8540257119246819,0.64,0.8531163
0.02083721669829895,0.0,0.0012838623
0.7917618313782102,0.28,0.32668817
0.23650488396567337,0.04,0.036177877
0.7773664576607403,0.53,0.6792695
0.5665505275187809,0.32,0.4592097
0.8610056423037896,1.0,0.88528234
0.3736314096889241,0.06,0.08348068
0.3488516734724176,0.1,0.1893164
0.7791483556730713,0.25,0.41524047
0.06751846651757483,0.0,0.0027726144
0.25267952695150775,0.17,0.0781331
0.8306388304778598,0.56,0.6695147
0.21146860776432494,0.17,0.00994898
0.21508579106314232,0.04,0.0036496595
0.007656579615262861,0.0,0.008295065
0.7940713282284116,0.46,0.26375225
0.04244557275313978,0.02,0.0018468009
0.15097084537051628,0.09,0.035384607
0.7656184770302666,0.42,0.81383204
0.6805102595035444,0.25,0.1416389
0.007152242818698546,0.0,0.00015463754
0.7567374497437876,0.31,0.5370886
0.007001394577705356,0.0,5.808861e-05
0.7299882997262955,0.43,0.69738406
0.36138255958567556,0.33,0.5025126
0.22584007569680636,0.03,0.018747596
0.31108646061292383,0.22,0.13976444
0.013358527329243187,0.01,0.00231086
0.34710581619847763,0.05,0.01732535
0.12751700817927714,0.03,0.070153
0.33548372244204455,0.21,0.1802209
0.12653733967234443,0.0,0.002885627
0.07552121735705485,0.08,0.022491986
0.006036199076839649,0.0,0.0002059901
0.640586391042939,0.42,0.14895219
0.8959605949897238,0.88,0.9238429
0.3952125855528016,0.26393407663706336,0.19868095
0.39595160907368193,0.17,0.015186117
0.26154788816320373,0.09,0.11793252
0.4527380033076277,0.35,0.701823
0.007002729365524289,0.0,0.00029539107
0.00904127181331856,0.02,0.0010857835
0.2941598200041238,0.11,0.07088721
0.8321084506707472,0.44,0.4339078
0.6551200846003077,0.3,0.22576953
0.041863683231297806,0.0,0.00013096009
0.03420958596302665,0.01,0.027221667
0.07718530825845761,0.03,0.0037119512
0.4347563192275497,0.08,0.03900011
0.34221923299789053,0.14,0.049974993
0.26476205163133715,0.05,0.11414196
0.09711880166327262,0.01,0.0046041952
0.8106454282773454,0.3,0.32625076
0.12105550763171258,0.01,0.0031036704
0.12723451470337968,0.03,0.0147106685
0.1604908184737232,0.06,0.14277346
0.823229347675868,0.68,0.51964414
0.005767653976492074,0.0,0.0006309539
0.00753471831763185,0.0,0.00045454595
0.8801262862623858,0.59,0.77806073
0.057415691354308164,0.02,0.015530884
0.2888518555286381,0.04,0.10502497
0.16116192482201466,0.05,0.0016912371
0.5716715493340857,0.16,0.17424276
0.6099940612862279,0.54,0.50021166
0.3679267639276882,0.07,0.018146394
0.8440964906724975,0.76,0.6957139
0.15575221518853136,0.15,0.041254207
0.8860704284301721,0.92,0.95733625
0.010321761204475945,0.0,0.0009620352
0.394743145859564,0.04734254368143031,0.039449763
0.10437330574098742,0.16,0.013141681
0.5390676625008973,0.38,0.47772416
0.34454415026416113,0.15,0.20180842
0.5869107100325174,0.28,0.09981773
0.1566961804856674,0.05,0.0036938812
0.8824999174085228,0.6,0.35427305
0.5644585704438306,0.16,0.0859621
0.22504478930630253,0.11,0.07413702
0.054697172310269486,0.0,0.00071791036
0.37118178837993726,0.12,0.007931969
0.037149903168772806,0.0,0.013265695
0.7922502512616936,0.37,0.33834076
0.5785828010869777,0.24,0.16174938
0.46261708841528665,0.2,0.06611602
0.33289490865319277,0.36,0.25313783
0.02605898537916331,0.0,0.006106377
0.5711983180180727,0.34,0.5552133
0.08356440400179668,0.01,0.0011815442
0.5455942790295696,0.4,0.57376564
0.09334854485774187,0.01,0.0034737892
0.24305047557663392,0.11,0.041173056
0.8698677624326574,0.48,0.52449185
0.4644843757160263,0.99,0.77008545
0.7246954908945471,0.26,0.1993996
0.5728456927394703,0.27,0.7638924
0.09591850497880126,0.08,0.04049887
0.7550458143825198,0.56,0.6485325
0.023241705919061374,0.0,0.0010006236
0.049909911745767276,0.03,0.0036426694
0.4915684689691155,0.13,0.07458821
0.8227688564115566,0.88,0.7591173
0.4365409788703055,0.16,0.04120201
0.8141400132204379,0.58,0.34836692
0.7854604367501126,0.45,0.61620456
0.07126210231333376,0.0,0.0033731128
0.39216205264235376,0.6546850873628606,0.37701043
0.03003889908344338,0.0,0.0017781596
0.2652978977715949,0.3,0.109864764
0.5804196361814568,0.41,0.21221982
0.7396545474413356,0.41,0.15937974
0.0426495342650552,0.0,0.0011863507
0.1851894793327381,0.11,0.033664465
0.0155152943191868,0.07,0.0012427357
0.02448521600576827,0.01,0.004172227
0.10978573941233177,0.07,0.023479344
0.8794164778418384,0.57,0.77552533
0.8161699501505038,0.42,0.3160844
0.027928154740061866,0.06,0.015592932
0.04814946820705658,0.04,0.0021475633
0.27332793928608284,0.05,0.014050535
0.4315306853230614,0.34,0.090919785
0.04007381746460441,0.0,0.0021973962
0.1699604988658526,0.13,0.010422144
0.6820694069002132,0.73,0.39626768
0.17071485789357593,0.08,0.052671824
0.006222890707788759,0.0,0.0008975767
0.5878979385647954,0.12,0.15794331
0.8419743300002428,0.44,0.42552438
0.5321708717189576,0.17,0.21618895
0.025679440618414387,0.06,0.0013129027
0.5173180207476135,0.18,0.25437894
0.6237659842392387,0.3,0.43930572
0.7841573371980727,0.45,0.42995635
0.7648524889687589,0.37,0.6615835
0.3380247758873594,0.07,0.030488731
0.1784550050372937,0.08,0.0155035015
0.8522357076050845,0.79,0.7253406
0.25576810519833065,0.11,0.07250227
0.2187080660386608,0.09,0.01850902
0.39516386175567436,0.13,0.122490816
0.8427347503298863,0.8,0.67522526
0.761149806103108,0.46,0.13569567
0.8573987578086031,0.45,0.57974
0.725755987411755,0.49,0.6510666
0.7468113886078549,0.45,0.20717499
0.35552303240965455,0.1,0.061705623
0.46026038919686285,0.16,0.068269566
0.007479561817625555,0.0,0.0007941884
0.06866135139522787,0.05,0.03120089
0.3971424429350305,0.027342543681430312,0.4450391
0.9206051197821863,0.98,0.9754578
0.028025808757851694,0.0,0.00097281823
0.7932179795690192,0.72,0.6943352
0.0839880659792215,0.05,0.003833279
0.5639776857339526,0.42,0.38768375
0.8555673869810765,0.82,0.9061973
0.07985527453083978,0.01,0.007490011
0.23143907398635083,0.39,0.1598518
0.4025684357126687,0.16,0.015576641
0.2096252172995292,0.05,0.008967464
0.005874735230854305,0.0,0.00029497765
0.8240990113831473,0.56,0.4296212
0.2317037748208026,0.02,0.001985869
0.20704735480899084,0.09,0.014645216
0.12478684575452417,0.02,0.008733615
0.3784142747270649,0.04,0.08633841
0.12778655969943226,0.2,0.14963035
0.8132769430161735,0.5,0.6841612
0.8140037764759763,0.6,0.4760575
0.313873224099055,0.19,0.44613728
0.5872140136170345,0.25,0.059268832
0.6818995555931524,0.21,0.1812068
0.05186551918305067,0.01,0.0056259874
0.7225763714877695,0.14,0.36356091
0.20973753530486908,0.08,0.054877695
0.04310375355051224,0.01,0.0019025637
0.8304241486074964,0.71,0.91899776
0.1043812408378586,0.03,0.009651465
0.012725358144872365,0.04,0.030581621
0.03249021452854249,0.06,0.0026903409
0.6616909054890527,0.35,0.22451784
0.9061492564396556,0.66,0.88770056
0.012798613239924414,0.0,0.0012519181
0.10364307748607694,0.07,0.024895879
0.16532465104825642,0.14,0.01494114
0.21973223012634652,0.08,0.045371722
0.19335588223022607,0.07,0.016345449
0.132905588129759,0.06,0.045680854
0.7837123536631363,0.57,0.58730006
0.7365478199521935,0.43,0.30000073
0.5355749189791437,0.23,0.26125
0.3433185461599032,0.24,0.35065603
0.6124416688641707,0.29,0.035377502
0.7535210595517257,0.45,0.66696125
0.6587887906942149,0.28,0.07099557
0.028320640234339816,0.0,0.0013656945
0.6735915613445316,0.41,0.5961532
0.6455105077496701,0.12,0.049832128
0.8193666434646368,0.59,0.7031594
0.04260003041013988,0.04,0.018065069
0.5030319895669048,0.31,0.12082785
0.43320730188876805,0.15,0.12426975
0.3260575149100667,0.23,0.30835494
0.717698709956791,0.43,0.17132325
0.7256291988138769,0.3,0.088196635
0.8136502355387996,0.48,0.30787292
0.14022930286340665,0.08,0.024802761
0.007495719375944051,0.0,0.00055956905
0.4204372681475748,0.5,0.8098815
0.07134658412747286,0.03,0.0065630055
0.3260365057270192,0.19,0.29097793
0.8457857879863602,0.51,0.53721225
0.6839954082916619,0.33,0.27017105
0.881268704693628,0.68,0.91497064
0.33351289463758454,0.11,0.072597384
0.9053963151766027,0.92,0.87596554
0.06001606274502751,0.03,0.004102868
0.7363629459946659,0.56,0.6307616
0.8783319242622063,0.74,0.83565646
0.0704325230081914,0.03,0.03084865
0.8467898094109427,0.71,0.7221001
0.1074031453963281,0.0,0.027407335
0.9060440005734421,0.79,0.8606765
0.9011889298307398,0.47,0.6101091
0.9008686033975394,0.68,0.8898979
0.06916599726124596,0.0,0.0006428451
0.31522221647758597,0.13,0.122777104
0.8766209561991329,0.83,0.90894735
0.014418436244446386,0.09,0.0007644231
0.2264355354674738,0.09,0.09294768
0.12804714700315883,0.07,0.015949091
0.7362424157561082,0.44,0.4794549
0.011667500585403086,0.05,0.003037643
0.8014824373158403,0.63,0.8132512
0.25718413405558543,0.15,0.08504875
0.2140490396843318,0.19,0.035596736
0.3367527734082669,0.14,0.34739003
0.859706862716704,0.47,0.5841325
0.14598385247834997,0.03,0.05252538
0.4953773202914598,0.34,0.118871205
0.4305373649826421,0.33,0.34579608
0.9341968376079758,0.95,0.91203
0.0774425275225317,0.03,0.0016775404
0.450968437377507,0.29,0.278857
0.5151564442391692,0.52,0.47050133
0.01970885752825012,0.01,0.014880402
0.7070602928397994,0.46,0.23365615
0.017744269739205985,0.01,0.012595483
0.6122462525008735,0.12,0.094148025
0.016961253784248082,0.01,0.0022493738
0.5345826227980106,0.17,0.087224774
0.4424125433653874,0.14,0.043532737
0.8734772574355766,0.88,0.52873504
0.36215379742101694,0.04,0.074319385
0.43316841685433616,0.13,0.09669371
0.854476113372197,0.44,0.5305391
0.346769220893527,0.14,0.057037994
0.30662279585699853,0.13,0.09611775
0.25756266268160455,0.32,0.13885033
0.640931757325943,0.13,0.32820973
0.21535850176656596,0.1,0.048825014
0.62705287402849,0.5,0.26992366
0.735526043656029,0.35,0.43376872
0.040779336319512714,0.0,0.00044307776
0.8054296423075782,0.55,0.6155268
0.015844104230641635,0.12,0.05375472
0.7005297031957184,0.31,0.05988401
0.5795210456845268,0.2,0.088677205
0.8064254009917051,0.66,0.37337086
0.7253425334153198,0.52,0.62756515
0.7901418442760314,0.72,0.8467978
0.5280025238152016,0.14,0.07015822
0.7800331280288831,0.61,0.48602912
0.777234552295382,0.33,0.5101149
0.8581370313071017,0.7,0.84185666
0.42033397184966703,0.24,0.08513107
0.34141996387162593,0.24,0.07686501
0.8223289390785613,0.59,0.8548766
0.44687742139011033,0.52,0.39172736
0.8754589461338328,0.81,0.7809752
0.8468278705913536,0.51,0.861251
0.7949179267726781,0.31,0.5470919
0.5605477436872034,0.24,0.25803038
0.11330780330043395,0.04,0.004629518
0.5423407431179322,0.29,0.14076832
0.6086815289162888,0.31,0.41740367
0.8724788329784879,0.7,0.5734043
0.6863541900064022,0.27,0.13619891
0.8436492693590154,0.73,0.75010324
0.5732878389112404,0.28,0.3259202
0.04050429290755551,0.03,0.0051526716
0.8602795861486296,0.99,0.817606
0.11275334319446864,0.23,0.019786319
0.4018829592181021,0.07,0.024088178
0.6441450157172423,0.5,0.47287935
0.7767958851745267,0.65,0.6226229
0.7677181939019981,0.41,0.5808335
0.7832464371154477,0.7,0.8053653
0.8197369539512517,0.73,0.52622634
0.25247676834125804,0.05,0.036063664
0.5100309247461968,0.1,0.03064669
0.00946475209943909,0.0,0.0014764976
0.10647083192229281,0.27,0.14215341
0.11846474802734294,0.07,0.02063966
0.07682821218670621,0.05,0.0077249203
0.027954403421281342,0.03,0.0036077918
0.38349245236794405,0.06,0.06074211
0.36895806202011905,0.21,0.17355831
0.1559697636226335,0.05,0.053428985
0.885526665314845,0.86,0.7810811
0.39923784849322147,0.45303682700144415,0.6629802
0.6802140915646521,0.46,0.630494
0.00838020483791129,0.02,0.0013192175
0.40435196642017796,0.32,0.12070804
0.27973285005748255,0.03,0.0034109985
0.40876520016611967,0.16,0.078843504
0.10020080358447309,0.08,0.1465045
0.0038261587892176427,0.0,6.164155e-05
0.04177451211558559,0.05,0.010740045
0.7830792829860547,0.48,0.73224235
0.7010435622199522,0.33,0.3035917
0.8528386375148885,0.79,0.92710096
0.33076704234056026,0.18,0.10496148
0.8641749913888928,0.73,0.76628554
0.07505270850790027,0.34,0.033883777
0.3940877416888679,0.027347503875957836,0.22392121
0.8943001310584551,0.78,0.54080623
0.27438886978125443,0.05,0.14782517
0.49434326494308006,0.44,0.41134658
0.032077094891703135,0.0,0.0018450876
0.06959639940931014,0.08,0.007999164
0.032070793147185535,0.02,0.004030171
0.6652112960337828,0.55,0.5804302
0.7185674820149007,0.55,0.61347085
0.03426869329577764,0.04,0.002501937
0.2291765039944126,0.15,0.10708605
0.009998649930819191,0.0,0.0018426401
0.3451963764135043,0.38,0.7566872
0.11976254737535244,0.01,0.0010903038
0.7446180982468006,0.71,0.9090359
0.13007657997205255,0.08,0.08722445
0.6224388104448778,0.2,0.5367214
0.38751649786449893,0.2,0.22449866
0.42388670414514396,0.26,0.41741803
0.6199625254398936,0.36,0.3573736
0.8661240549669375,0.48,0.6266034
0.0787203152254778,0.0,0.010490486
0.07460245599753985,0.03,0.004933547
0.4107153486840027,0.29,0.3509656
0.3058686454870989,0.07,0.16562842
0.6697467343712864,0.35,0.6720834
0.7519047602786648,0.27,0.27763227
0.38750539290633085,0.16,0.1722436
0.1250798764309537,0.05,0.025533648
0.6993059447355401,0.36,0.10355412
0.21767231450729718,0.1,0.025095925
0.04317698628170962,0.0,0.0007356051
0.7417839425452711,0.33,0.40925828
0.7654251516015737,0.7,0.65537864
0.13364267915300743,0.07,0.0072996677
0.6491911277932879,0.51,0.48563612
0.32812851519777675,0.07,0.017170092
0.6743850367012767,0.25,0.46390277
0.8333954330374479,0.73,0.7751312
0.048229285622467415,0.02,0.0026621886
0.09492952901580114,0.04,0.018576678
0.6797085590028125,0.64,0.4265366
0.3884923083808785,0.22,0.031701233
0.6701354924755959,0.22,0.46065
0.20136055050034973,0.08,0.032055248
0.7371260679456867,0.48,0.28593177
0.7811593918126096,0.38,0.17817195
0.024377125089389415,0.01,0.0070803496
0.21270837957560265,0.03,0.0230882
0.45235830274831945,0.14,0.018123545
0.35946546500636745,0.31,0.42509592
0.03518584468777277,0.03,0.0064542308
0.1255366308739867,0.05,0.0018997145
0.623987771157119,0.2,0.20111862
0.04349387675117426,0.0,0.0028552522
0.46749612939692464,0.26,0.21691325
0.17265303456613368,0.08,0.028894935
0.7934004488835084,0.74,0.8984563
0.4212615664001075,0.09,0.1531637
0.7810299965889403,0.71,0.5986829
0.3258203846269063,0.28,0.113914385
0.3327539830147462,0.07,0.05890821
0.0461309348160765,0.01,0.013969208
0.7943485009506712,0.64,0.65707785
0.22130381968980448,0.05,0.015159292
0.06941393195004521,0.07,0.015368487
0.684822986918321,0.54,0.38358712
0.6192505873120967,0.34,0.17211227
0.3679628064759307,0.13,0.11017774
0.3804340152826975,0.17,0.08930497
0.5381376088445857,0.3,0.096314855
0.2999515992337302,0.12,0.19043662
0.6801868755238264,0.47,0.44400483
0.006369499764923657,0.0,0.0007642414
0.8297307751270229,0.82,0.5988749
0.8610056423037896,1.0,0.88528234
0.04328791685153261,0.0,0.0013191202
0.5119281009128308,0.32,0.33415976
0.11330097843886616,0.12,0.049076896
0.10704554545903473,0.19,0.04895755
0.492070982572546,0.31,0.23074152
0.4765550571630426,0.36734254368143027,0.39106658
0.3893711171689835,0.2,0.2749189
0.666288572375706,0.7,0.7651046
0.03820072965949963,0.04,0.025229681
0.2791675894819166,0.15,0.2500643
0.1661015948104672,0.06,0.0063194293
0.7892021550454352,0.57,0.7047421
0.766796076015443,0.36,0.5817946
0.01937012172072805,0.03,0.008242718
0.5388434771718159,0.27,0.119485274
0.5210842957902685,0.26,0.28803852
0.4452231375022031,0.15,0.2483967
0.6758600820274805,0.32,0.15957442
0.8180573334627003,0.78,0.9097267
0.24712011256330527,0.19,0.03707399
0.04688968151695023,0.01,0.0017022938
0.018531945568380188,0.01,0.028461905
0.10509097277957041,0.0,0.0018270374
0.09283409637077292,0.05,0.14834723
0.3956327066942022,0.12,0.03876902
0.3102705640404216,0.26,0.23563765
0.6144738736963262,0.54,0.64637715
0.1732237967865519,0.07,0.08357093
0.6834236375520921,0.34,0.041100454
0.017083747263162388,0.0,0.0018002319
0.7832447743980816,0.43,0.3651663
0.07514077644287309,0.02,0.0058572916
0.8801238219975438,0.85,0.6440147
0.10839196425867227,0.1,0.009531566
0.6712756757855999,0.64,0.48212656
0.863814754391843,0.75,0.68958586
0.01808871096603197,0.01,0.0051461956
0.05551194071422429,0.01,0.0014882088
0.012541488884150862,0.0,0.0015726914
0.8330761500670618,0.55,0.71863997
0.8822076547704645,0.89,0.8523901
0.6068981795229943,0.38,0.25345132
0.14267509952249252,0.11,0.005866581
0.7708030300511841,0.49,0.6320109
0.8380364722541769,0.93,0.9245679
0.6982607231840529,0.66,0.5004859
0.15275392563116177,0.01,0.015310445
0.5458774903828496,0.29,0.56919456
0.01930783241156011,0.02,0.079340145
0.8178336829783195,0.8,0.78676254
0.6784799986577558,0.18,0.097104296
0.18299853692783816,0.08,0.021333756
0.4620709816291251,0.47,0.20837997
0.4404422261861023,0.22,0.25061294
0.6506866403684164,0.25,0.16932778
0.005851133929773603,0.0,0.00084033585
0.005560348222663423,0.0,0.00045737435
0.9128249901633396,0.93,0.91627324
0.0701012571717355,0.05,0.0380743
0.1244656947322616,0.01,0.006303567
0.07670582467304636,0.0,0.0020275975
0.555773759191796,0.11,0.106257245
0.17200795280644876,0.11,0.042405892
0.4640277058633632,0.21,0.16605388
0.8527490322908823,0.77,0.8313056
0.1414574082278634,0.1,0.05697047
0.05743374955935179,0.02,0.0010139433
0.620901148698549,0.15,0.21067901
0.6699921875474983,0.38,0.37630737
0.27695937399139847,0.08,0.029336791
0.10962302771711681,0.05,0.11231594
0.1668419788763616,0.37,0.61881983
0.8491746702257515,0.97,0.8829641
0.2868619850918699,0.1,0.15449783
0.39847209301448416,0.2,0.16240816
0.11272443269918056,0.03,0.00889991
0.6879420182857827,0.29,0.3696135
0.6129699663216842,0.14,0.16407926
0.8531963303591787,0.58,0.6118249
0.3758466185135352,0.05,0.05894254
0.07983570186794324,0.0,0.00082978565
0.6163842140363928,0.51,0.34230506
0.02341250570344569,0.0,0.019711217
0.01963616597380447,0.02,0.0003028137
0.018253498066568258,0.0,0.000119836375
0.050390174456758315,0.0,0.00011705422
0.04493214901108382,0.06,0.0067026597
0.8503200705579881,0.62,0.8713698
0.25528449848192764,0.26,0.11125733
0.7757656611128236,0.84,0.8081983
0.7557016327978043,0.39,0.5499041
0.7235289090571556,0.49,0.43983302
0.012268973802664982,0.01,0.013071013
0.0919169339666115,0.04,0.01043543
0.4054062235523821,0.36,0.38261077
0.0933284845929889,0.01,0.002378635
0.7486071845764748,0.59,0.78084713
0.8785666952406469,0.99,0.931368
0.7133963422896763,0.1,0.3256084
0.8270545373064857,0.39,0.4400608
0.027811654158761717,0.02,0.000645429
0.6184161334081862,0.26,0.25026944
0.39430613203514736,0.24,0.17649594
0.8433342276844057,0.82,0.45457053
0.872818375812869,0.81,0.8635536
0.019131033748841,0.0,0.00053881155
0.6749755694765891,0.32,0.46390277
0.09925554547624407,0.05,0.01579937
0.17827871544169646,0.08,0.016518135
0.32974529171530387,0.12,0.15965839
0.01882274159129167,0.05,0.0023855825
0.6408387668641915,0.62,0.65755326
0.8798254692072214,0.51,0.7073294
0.4505614698609665,0.29,0.047063835
0.7872984305393965,0.41,0.6641781
0.32963602366652356,0.23,0.29274848
0.15066595131607866,0.06,0.16380405
0.47489737620229133,0.23,0.13654782
0.608448349742014,0.23,0.24537036
0.6888325844569932,0.52,0.4091987
0.0577166987597138,0.02,0.0031429422
0.8233800095717486,0.79,0.4143562
0.2060869657623283,0.08,0.022293579
0.22313142016451956,0.2,0.06110251
0.05239919747234926,0.02,0.02938806
0.8838817355335226,1.0,0.9226487
0.8275719833929712,0.56,0.7220154
0.3049474987229804,0.27,0.097726576
0.0391063608914248,0.01,0.0047373874
0.028284718251889236,0.0,0.0022590377
0.39939918750924,0.36684786474768266,0.44964483
0.01070658122921954,0.0,0.0063833254
0.07243820929772865,0.02,0.10267339
0.21155744791114614,0.03,0.047074817
0.010318977999294472,0.0,0.00032401053
0.508884950327732,0.45,0.28070226
0.5627270400323764,0.34,0.34480578
0.2698819304093105,0.06,0.014858113
0.8065544937849404,0.38,0.5297222
0.8420255745954538,0.77,0.9392253
0.5054106694974801,0.15,0.39238328
0.1335665434906036,0.07,0.007954782
0.013323347458543628,0.04,0.02356602
0.7153697720862194,0.5,0.34297794
0.4982912181660695,0.29,0.29955885
0.4987386271014775,0.2,0.12551025
0.4974580029602204,0.59,0.829766
0.006169246184962616,0.0,0.00072786206
0.8780634724548284,0.85,0.8831289
0.029679971181050802,0.02,0.0063258554
0.04275377785540487,0.08,0.002679172
0.8571747236195324,0.85,0.9217248
0.1978577345577068,0.29,0.12619562
0.00713120001677545,0.02,0.0003891525
0.2173683789221484,0.14,0.050176162
0.750012669165022,0.65,0.43590102
0.01424216773552068,0.01,0.00073688204
0.3969814129826204,0.7790556427265557,0.4450391
0.643166080359897,0.26,0.17754157
0.7488235725643517,0.87,0.8948431
0.7696961755700947,0.57,0.7781983
0.5159099397090801,0.23,0.2792238
0.5515537348972609,0.31,0.2880293
0.12368687355781968,0.04,0.0070516816
0.7507520490736428,0.17,0.22708581
0.6058218078336831,0.2,0.18059687
0.8213571007929837,0.88,0.8886914
0.5134547548442212,0.26,0.061915595
0.056985651080890404,0.26,0.18329823
0.3258714573675813,0.2,0.23399353
0.7659457318532897,0.84,0.8264188
0.6958420882216629,0.22,0.15823609
0.6709661189462093,0.33,0.4997981
0.4375613167995336,0.16,0.021889498
0.17831920739182378,0.12,0.030720249
0.6327075426121476,0.23,0.15655993
0.8159793519198398,0.47,0.611984
0.5434649703964191,0.38,0.36296126
0.05582195495764748,0.06,0.013067395
0.7454843951580062,0.34,0.24856378
0.31646282101025125,0.19,0.15816088
0.7718739204935583,0.28,0.5796399
0.03864768231273646,0.01,0.0015080179
0.1394609383262033,0.11,0.044347968
0.03665537624041431,0.05,0.10239563
0.7891266496596774,0.35,0.2399735
0.39546241204417515,0.13,0.020247731
0.84776705172535,0.74,0.92551655
0.473201480394488,0.16,0.09576531
0.8637081962908819,0.77,0.86152273
0.09053764855073922,0.03,0.0102649825
0.7460144091127219,0.27,0.26698896
0.7242439567042137,0.18,0.45784253
0.01704380236461691,0.01,0.00013778136
0.049140589216880776,0.01,0.0014991545
0.43954778309459347,0.21,0.40135175
0.29758402629879777,0.15,0.036030475
0.8107052641848077,0.26,0.4554932
0.03790064777739362,0.01,0.0041067316
0.4897147485344348,0.27,0.24748269
0.011618812350400645,0.01,0.0011439589
0.5183413866589234,0.19,0.08641983
0.7513868338610337,0.43,0.64940387
0.09688192843919521,0.13,0.008287259
0.866436677966325,0.89,0.9539373
0.1946913475289275,0.27,0.16733076
0.7583859494795583,0.34,0.28106192
0.45059596309637157,0.6,0.69437635
0.6020729528167801,0.31,0.2877539
0.38024520773220716,0.2,0.09548525
0.039460892457958543,0.0,0.004552309
0.37830502527200177,0.05,0.00796151
0.8585736183718472,0.8,0.82558334
0.017437192246811208,0.0,0.018257266
0.5233941130870225,0.26,0.10491788
0.27756377174899255,0.01,0.0074874773
0.5288808829535994,0.2,0.24439178
0.5143265943684212,0.32,0.121888384
0.09386919754555693,0.08,0.042897545
0.012563762204222019,0.0,0.0013135312
0.008363073787503663,0.0,0.032073576
0.632874226050326,0.82,0.5892628
0.8134798882516697,0.53,0.6318321
0.4164558187669272,0.11,0.030863049
0.4271274121755064,0.31,0.25602335
0.7319958213746492,0.52,0.4927153
0.8748353925226203,0.82,0.39431757
0.01389387861684528,0.02,0.0039412566
0.44770906551756046,0.27,0.11969791
0.8570377678321801,0.93,0.85334843
0.7064615967075787,0.5,0.59872967
0.28067656942362257,0.12,0.047660183
0.07073129589549951,0.05,0.016125381
0.7360066670514571,0.64,0.6059262
0.1972615052751094,0.11,0.018965479
0.8376265194644337,0.42,0.80247086
0.023072486346296904,0.0,0.004104763
0.17024379322504604,0.01,0.0017006699
0.004096503900864673,0.0,0.0006398378
0.01150323971740904,0.01,0.0003261095
0.3942495256637563,0.16,0.018778991
0.7410599896844874,0.63,0.5836609
0.018231291489661693,0.0,0.00014986498
0.2724386770273781,0.09,0.112037666
0.7391758323706638,0.41,0.21523088
0.17500350412082094,0.01,0.0010017834
0.8794017432294057,0.63,0.51993614
0.005973473036716211,0.0,0.00040430453
0.8480653297097261,0.56,0.30139872
0.03922924476690746,0.0,0.004570928
0.8025870977742512,0.68,0.80942124
0.39665942005472526,0.06978128942840751,0.1193078
0.6250710155024962,0.33,0.46156582
0.29790943566096606,0.26,0.13571453
0.24812211160725697,0.05,0.006230861
0.49964290645533443,0.31,0.23471282
0.39230564966121806,0.18,0.1728159
